<?xml version="1.0" encoding="utf-8"?>
<install type="component" version="1.5.0">
  <name>Media Manager</name>
  <author>Joomla! Project</author>
  <creationDate>April 2006</creationDate>
  <copyright>(C) 2005 - 2006 Open Source Matters. All rights reserved.</copyright>
  <license>http://www.gnu.org/copyleft/gpl.html GNU/GPL</license>
  <authorEmail>admin@joomla.org</authorEmail>
  <authorUrl>www.joomla.org</authorUrl>
  <version>1.5.0</version>
  <description>This component manages site media</description>
</install>
