<?xml version="1.0" encoding="UTF-8" ?>
<extension type="package" version="1.7">
	<name>Joomla! Content Management System</name>
	<packagename>joomla</packagename>
	<version>1.7.0</version>
	<description>The Joomla! Content Management System is one of the most popular content management system's available today.</description>
	<creationDate>2006</creationDate>
	<copyright>Copyright (C) 2005 - 2011 Open Source Matters. All rights reserved.</copyright>
	<license>http://www.gnu.org/licenses/gpl-2.0.html GNU/GPL</license>
	<author>Joomla!</author>
	<authorEmail>admin@joomla.org</authorEmail>
	<authorUrl>http://www.joomla.org</authorUrl>
	<packager>Joomla!</packager>
	<packagerurl>http://www.joomla.org</packagerurl>
	<update>http://update.joomla.org/packages/joomla</update>
	<files>
		<file type="file" id="joomla">Joomla_1.6.5_to_1.7.0-pre_Package.zip</file>
		<file type="file" id="joomla">Joomla_1.7.0-Stable-Update_Package.zip</file>
	</files>
</extension>
