<?xml version="1.0" encoding="iso-8859-1"?>
<mosinstall version="1.0.0" type="mambot" group="content">
	<name>mosloadposition</name>
	<author>Joomla! Project</author>
	<creationDate>January 2005</creationDate>
	<copyright>(C) 2005 Open Source Matters. All rights reserved.</copyright>
	<license>http://www.gnu.org/licenses/gpl-2.0.html GNU/GPL</license>
	<authorEmail>admin@joomla.org</authorEmail>
	<authorUrl>www.joomla.org</authorUrl>
	<version>1.0.0</version>
	<description>Loads module positions within Content, Syntax: {mosloadposition user1}</description>
	<files>
		<filename mambot="mosloadposition">mosloadposition.php</filename>
	</files>
	<params>
		<param name="style" type="list" default="0" label="Style" description="Code that will wrap modules">
			<option value="0">Wrapped by Table - Column</option>
			<option value="1">Wrapped by Table - Horizontal</option>
			<option value="-2">Wrapped by Divs</option>
			<option value="-3">Wrapped by Multiple Divs</option>
			<option value="-1">No wrapping - raw output</option>
		</param>
	</params>
</mosinstall>
