<?xml version="1.0" encoding="utf-8"?>
<extension
	type="module"
	version="1.6.0"
	client="administrator">
	<name>mod_online</name>
	<author>Joomla! Project</author>
	<creationDate>Jan 2006</creationDate>
	<copyright>Copyright (C) 2005 - 2011 Open Source Matters. All rights reserved.</copyright>
	<license>GNU General Public License version 2 or later; see LICENSE.txt</license>
	<authorEmail>admin@joomla.org</authorEmail>
	<authorUrl>www.joomla.org</authorUrl>
	<version>1.6.0</version>
	<description>MOD_ONLINE_XML_DESCRIPTION</description>
	<files>
		<filename module="mod_online">mod_online.php</filename>
		<filename>helper.php</filename>
		<filename>index.html</filename>
		<folder>tmpl</folder>
	</files>
	<languages>
		<language tag="en-GB">en-GB.mod_online.ini</language>
		<language tag="en-GB">en-GB.mod_online.sys.ini</language>	
	</languages>
	<help key="JHELP_EXTENSIONS_MODULE_MANAGER_ADMIN_ONLINE" />
	<config>
		<fields name="params">
			<fields name="advanced">
				<fieldset name="basic">
					<field
						name="layout"
						type="modulelayout"
						label="JFIELD_ALT_LAYOUT_LABEL"
						description="JFIELD_ALT_MODULE_LAYOUT_DESC" />

					<field
						name="moduleclass_sfx"
						type="text"
						label="COM_MODULES_FIELD_MODULECLASS_SFX_LABEL"
						description="COM_MODULES_FIELD_MODULECLASS_SFX_DESC" />

					<field
						name="cache"
						type="list"
						default="0"
						label="COM_MODULES_FIELD_CACHING_LABEL"
						description="COM_MODULES_FIELD_CACHING_DESC">
						<option
							value="0">COM_MODULES_FIELD_VALUE_NOCACHING</option>
					</field>
				</fieldset>
			</fields>
		</fields>
	</config>
</extension>
