<?xml version="1.0" encoding="iso-8859-1"?>
<install type="module" version="1.0.0">
	<name>Quick Icons Module</name>
	<author>Joomla! Project</author>
	<creationDate>Nov 2005</creationDate>
	<copyright>(C) 2005 Open Source Matters. All rights reserved.</copyright>
	<license>http://www.gnu.org/copyleft/gpl.html GNU/GPL</license>
	<authorEmail>admin@joomla.org</authorEmail>
	<authorUrl>www.joomla.org</authorUrl>
	<version>1.0.0</version>
	<description>This module shows Quick Icons that are visible on the Admin area Home Page</description>
	<files>
		<filename module="mod_quickicon">mod_quickicon.php</filename>
	</files>
	<params>
		<param name="cache" type="list" default="1" label="Caching" description="Select whether to cache the content of this module">
			<option value="1">Use global</option>
			<option value="0">No caching</option>
		</param>
	</params>
</install>