<?xml version="1.0" encoding="utf-8"?>
<install type="component" version="1.5.0">
	<name>Content Page</name>
	<author>Joomla! Project</author>
	<creationDate>April 2006</creationDate>
	<copyright>(C) 2005 - 2006 Open Source Matters. All rights reserved.</copyright>
	<license>http://www.gnu.org/copyleft/gpl.html GNU/GPL</license>
	<authorEmail>admin@joomla.org</authorEmail>
	<authorUrl>www.joomla.org</authorUrl>
	<version>1.5.0</version>
	<description>DESCCONTENT</description>
	<params>
		<param name="pageclass_sfx" type="text" size="20" default="" label="Page Class Suffix" description="PARAMPAGECLASSSFX" />
		<param name="item_title" type="radio" default="1" label="Page Title" description="Show/Hide the items title">
			<option value="0">Hide</option>
			<option value="1">Show</option>
		</param>
		<param name="link_titles" type="list" default="" label="Linked Titles" description="Make your Item titles linkable">
			<option value="">Use Global</option>
			<option value="0">No</option>
			<option value="1">Yes</option>
		</param>
		<param name="introtext" type="radio" default="1" label="Intro Text" description="Show/Hide the intro text">
			<option value="0">Hide</option>
			<option value="1">Show</option>
		</param>
		<param name="section" type="radio" default="0" label="Section Name" description="PARAMSECTION">
			<option value="0">Hide</option>
			<option value="1">Show</option>
		</param>
		<param name="section_link" type="radio" default="0" label="Section Name Linkable" description="PARAMSECTIONLINK">
			<option value="0">No</option>
			<option value="1">Yes</option>
		</param>
		<param name="category" type="radio" default="0" label="Category Name" description="PARAMCATEG">
			<option value="0">Hide</option>
			<option value="1">Show</option>
		</param>
		<param name="category_link" type="radio" default="0" label="Category Name Linkable" description="PARAMCATEGLINK">
			<option value="0">No</option>
			<option value="1">Yes</option>
		</param>
		<param name="rating" type="list" default="" label="Item Rating" description="PARAMRATING">
			<option value="">Use Global</option>
			<option value="0">Hide</option>
			<option value="1">Show</option>
		</param>
		<param name="author" type="list" default="" label="Author Names" description="PARAMAUTHOR">
			<option value="">Use Global</option>
			<option value="0">Hide</option>
			<option value="1">Show</option>
		</param>
		<param name="createdate" type="list" default="" label="Created Date and Time" description="PARAMCREATEDATE">
			<option value="">Use Global</option>
			<option value="0">Hide</option>
			<option value="1">Show</option>
		</param>
		<param name="modifydate" type="list" default="" label="Modified Date and Time" description="PARAMMODIFYDATE">
			<option value="">Use Global</option>
			<option value="0">Hide</option>
			<option value="1">Show</option>
		</param>
		<param name="pdf" type="list" default="" label="PDF Icon" description="PARAMPDF">
			<option value="">Use Global</option>
			<option value="0">Hide</option>
			<option value="1">Show</option>
		</param>
		<param name="print" type="list" default="" label="Print Icon" description="PARAMPRINT">
			<option value="">Use Global</option>
			<option value="0">Hide</option>
			<option value="1">Show</option>
		</param>
		<param name="email" type="list" default="" label="Email Icon" description="PARAMEMAIL">
			<option value="">Use Global</option>
			<option value="0">Hide</option>
			<option value="1">Show</option>
		</param>
		<param name="language" type="languages" client="site" label="Content language" description="PARAMCONTENTLANGUAGE" />
		<param name="keyref" type="text" size="25" default="" label="Key Reference" description="PARAMKEYREF" />
	</params>
</install>
