<?xml version="1.0" encoding="iso-8859-1"?>
<metadata>
	<control>
		<steps />
		<confirmation>
			<![CDATA[You have successfully created a menu item.  Click the "Finish" button to finish the wizard
			and add the menu item.]]>
		</confirmation>
	</control>
	<state>
		<name>Component</name>
		<description>Component Parameters</description>
		<params>
			<param name="menu_image" type="imagelist" directory="/images/stories" hide_default="1" default="" label="Menu Image" description="PARAMMENUIMAGE" />
		</params>
		<advanced />
	</state>
</metadata>	