<?xml version="1.0" encoding="iso-8859-1"?>
<mosinstall type="component" version="1.0.0">
	<name>Newsfeeds</name>
	<author>Joomla! Project</author>
	<creationDate>July 2004</creationDate>
	<copyright>(C) 2005 Open Source Matters. All rights reserved.</copyright>
	<license>http://www.gnu.org/copyleft/gpl.html GNU/GPL</license>
	<authorEmail>admin@joomla.org</authorEmail>
	<authorUrl>www.joomla.org</authorUrl>
	<version>1.0.0</version>
	<description>This component manages RSS/RDF newsfeeds</description>
	<params>
		<param name="menu_image" type="imagelist" directory="/images/stories" hide_default="1" default="" label="Menu Image" description="A small image to be placed to the left or right of your menu item, images must be in images/stories/" />
		<param name="pageclass_sfx" type="text" size="20" default="" label="Page Class Suffix" description="A suffix to be applied to the css classes of the page, this allows individual page styling" />
		<param name="back_button" type="list" default="" label="Back Button" description="Show/Hide a Back Button, that returns you to the previously view page">
			<option value="">Use Global</option>
			<option value="0">Hide</option>
			<option value="1">Show</option>
		</param>
		<param name="page_title" type="radio" default="1" label="Page Title" description="Show/Hide the pages Title">
			<option value="0">Hide</option>
			<option value="1">Show</option>
		</param>
		<param name="header" type="text" size="30" default="" label="Page Title" description="Text to display at the top of the page. If left blank, the Menu name will be used instead" />
		<param name="@spacer" type="spacer" default="" label="" description="" />
		<param name="other_cat_section" type="radio" default="1" label="Category List - Section" description="Show/Hide the List of Categories in List view page">
			<option value="0">Hide</option>
			<option value="1">Show</option>
		</param>
		<param name="@spacer" type="spacer" default="" label="" description="" />
		<param name="other_cat" type="radio" default="1" label="Category List - Category" description="Show/Hide the List of Categories in Table view page">
			<option value="0">Hide</option>
			<option value="1">Show</option>
		</param>
		<param name="cat_description" type="radio" default="1" label="Category Description" description="Show/Hide the Description for the list of other catgeories">
			<option value="0">Hide</option>
			<option value="1">Show</option>
		</param>
		<param name="cat_items" type="radio" default="1" label="# Category Items" description="Show/Hide the number of items in each category">
			<option value="0">Hide</option>
			<option value="1">Show</option>
		</param>
		<param name="@spacer" type="spacer" default="" label="" description="" />
		<param name="description" type="radio" default="1" label="Description" description="Show/Hide the Description below">
			<option value="0">Hide</option>
			<option value="1">Show</option>
		</param>
		<param name="description_text" type="textarea" default="" label="Description Text" rows="5" cols="30" description="Description for page"/>
		<param name="image" type="imagelist" directory="/images/stories" hide_default="1" default="-1" label="Image" description="Image for page, must be located in the /images/stories folder. Default will load web_links.jpg, No image will mean an image is not loaded" />
		<param name="image_align" type="radio" default="right" label="Image Align" description="Alignment of the image">
			<option value="left">Left</option>
			<option value="right">Right</option>
		</param>
		<param name="@spacer" type="spacer" default="" label="" description="" />
		<param name="@spacer" type="spacer" default="" label="" description="" />
		<param name="headings" type="radio" default="1" label="Table Headings" description="Show/Hide the Table Headings">
			<option value="0">Hide</option>
			<option value="1">Show</option>
		</param>
		<param name="name" type="radio" default="1" label="Name Column" description="Show/Hide the Feed Name column">
			<option value="0">Hide</option>
			<option value="1">Show</option>
		</param>
		<param name="articles" type="radio" default="1" label="# Articles Column" description="Show/Hide the # of articles in the feed">
			<option value="0">Hide</option>
			<option value="1">Show</option>
		</param>
		<param name="link" type="radio" default="0" label="Link Column" description="Show/Hide the Feed Link column">
			<option value="0">Hide</option>
			<option value="1">Show</option>
		</param>
		<param name="@spacer" type="spacer" default="" label="" description="" />
		<param name="@spacer" type="spacer" default="" label="" description="" />
		<param name="feed_image" type="radio" default="1" label="Feed Image" description="Show/Hide the image of the feed">
			<option value="0">Hide</option>
			<option value="1">Show</option>
		</param>
		<param name="feed_descr" type="radio" default="1" label="Feed Description" description="Show/Hide the description text of the feed">
			<option value="0">Hide</option>
			<option value="1">Show</option>
		</param>
		<param name="item_descr" type="radio" default="1" label="Item Description" description="Show/Hide the description or intro text of an item">
			<option value="0">Hide</option>
			<option value="1">Show</option>
		</param>
		<param name="word_count" type="text" size="6" default="0" label="Word Count" description="Allows you to limit the amount of visible item description text. 0 will show all the text" />
	</params>
</mosinstall>
