<?xml version="1.0" encoding="iso-8859-1"?>
<install type="module">
	<name>Cpanel Shell</name>
	<author>Joomla! Project</author>
	<creationDate>July 2004</creationDate>
	<copyright>(C) 2005 Open Source Matters. All rights reserved.</copyright>
	<license>http://www.gnu.org/copyleft/gpl.html GNU/GPL</license>
	<authorEmail>admin@joomla.org</authorEmail>
	<authorUrl>www.joomla.org</authorUrl>
	<version>1.0.0</version>
	<description>DESCCPANELSHELL</description>
	<files>
		<filename module="mod_cpanel">mod_cpanel.php</filename>
	</files>
	<params>
		<param name="cache" type="list" default="0" label="Caching" description="Select whether to cache the content of this module">
			<option value="0">Never</option>
	  	</param>
	</params>
</install>
