<?xml version="1.0" encoding="iso-8859-1"?>
<mosinstall type="menu" version="1.0.0">
	<name>Link - Newsfeed</name>
	<group>Component|Link</group>
	<author>Joomla! Project</author>
	<creationDate>July 2004</creationDate>
	<copyright>(C) 2005 Open Source Matters. All rights reserved.</copyright>
	<license>http://www.gnu.org/copyleft/gpl.html GNU/GPL</license>
	<authorEmail>admin@joomla.org</authorEmail>
	<authorUrl>www.joomla.org</authorUrl>
	<version>1.0.0</version>
	<description>Creates a link to an individual Published Newsfeed</description>
	<params>
		<param name="menu_image" type="imagelist" directory="/images/stories" hide_default="1" default="" label="Menu Image" description="A small image to be placed to the left or right of your menu item, images must be in images/stories/" />
		<param name="pageclass_sfx" type="text" size="20" default="" label="Page Class Suffix" description="A suffix to be applied to the css classes of the page, this allows individual page styling" />
		<param name="back_button" type="list" default="" label="Back Button" description="Show/Hide a Back Button, that returns you to the previously view page">
			<option value="">Use Global</option>
			<option value="0">Hide</option>
			<option value="1">Show</option>
		</param>
		<param name="header" type="text" size="30" default="" label="Page Title" description="Text to display at the top of the page" />
		<param name="page_title" type="radio" default="1" label="Page Title" description="Show/Hide the pages Title">
			<option value="0">Hide</option>
			<option value="1">Show</option>
		</param>
		<param name="@spacer" type="spacer" default="" label="" description="" />
		<param name="feed_image" type="radio" default="1" label="Feed Image" description="Show/Hide the image of the feed">
			<option value="0">Hide</option>
			<option value="1">Show</option>
		</param>
		<param name="feed_descr" type="radio" default="1" label="Feed Description" description="Show/Hide the description text of the feed">
			<option value="0">Hide</option>
			<option value="1">Show</option>
		</param>
		<param name="item_descr" type="radio" default="1" label="Item Description" description="Show/Hide the description or intro text of an item">
			<option value="0">Hide</option>
			<option value="1">Show</option>
		</param>
		<param name="word_count" type="text" size="6" default="0" label="Word Count" description="Allows you to limit the amount of visible item description text. 0 will show all the text" />
	</params>
</mosinstall>
