<?xml version="1.0" encoding="iso-8859-1"?>
<install type="component" version="1.5.0">
	<name>Users</name>
	<author>Joomla! Project</author>
	<creationDate>April 2006</creationDate>
	<copyright>(C) 2005 - 2006 Open Source Matters. All rights reserved.</copyright>
	<license>http://www.gnu.org/copyleft/gpl.html GNU/GPL</license>
	<authorEmail>admin@joomla.org</authorEmail>
	<authorUrl>www.joomla.org</authorUrl>
	<version>1.5.0</version>
	<description>User Manager</description>
	<params>
		<param name="language" type="languages" client="site" default="" label="Front-end Language" description="paramLanguage" />
		<param name="editor" type="editors" default="" label="User Editor" description="WYSYWYG Editor for this User" />
		<param name="helpsite" type="helpsites" default="" label="Help Site" description="Help site for this User" />
	</params>
</install>
