<?xml version="1.0" encoding="utf-8"?>
<!-- $Id: newsfeeds.xml 20196 2011-01-09 02:40:25Z ian $ -->
<extension type="component" version="1.6.0" method="upgrade">
	<name>com_newsfeeds</name>
	<author>Joomla! Project</author>
	<creationDate>April 2006</creationDate>
	<copyright>(C) 2005 - 2011 Open Source Matters. All rights reserved.	</copyright>
	<license>GNU General Public License version 2 or later; see	LICENSE.txt</license>
	<authorEmail>admin@joomla.org</authorEmail>
	<authorUrl>www.joomla.org</authorUrl>
	<version>1.6.0</version>
	<description>COM_NEWSFEEDS_XML_DESCRIPTION</description>

	<files folder="site">
		<filename>controller.php</filename>
		<filename>index.html</filename>
		<filename>metadata.xml</filename>
		<filename>newsfeeds.php</filename>
		<filename>router.php</filename>
		<folder>helpers</folder>
		<folder>models</folder>
		<folder>views</folder>
	</files>
	<languages folder="site">
		<language tag="en-GB">language/en-GB.com_newsfeeds.ini
		</language>
	</languages>
	<administration>
		<menu img="class:newsfeeds">Newsfeeds</menu>
		<submenu>
			<!--
				Note that all & must be escaped to &amp; for the file to be valid
				XML and be parsed by the installer
			-->
			<menu link="index.php?option=com_newsfeeds" view="feeds" img="class:newsfeeds"
				alt="Newsfeeds/Feeds">Newsfeeds</menu>
			<menu link="index.php?option=com_categories&amp;extension=com_newsfeeds"
				view="categories" img="class:newsfeeds-cat" alt="Newsfeeds/Categories">Categories
			</menu>
		</submenu>
		<files folder="admin">
			<filename>access.xml</filename>
			<filename>config.xml</filename>
			<filename>controller.php</filename>
			<filename>index.html</filename>
			<filename>newsfeeds.php</filename>
			<folder>controllers</folder>
			<folder>elements</folder>
			<folder>helpers</folder>
			<folder>models</folder>
			<folder>tables</folder>
			<folder>views</folder>
		</files>
		<languages folder="admin">
			<language tag="en-GB">language/en-GB.com_newsfeeds.ini
			</language>
			<language tag="en-GB">language/en-GB.com_newsfeeds.sys.ini
			</language>
		</languages>
	</administration>
</extension>

