<?xml version="1.0" encoding="utf-8"?>
<!-- $Id: installer.xml 15220 2010-03-06 08:34:18Z hackwar $ -->
<extension type="component" version="1.6.0" method="upgrade">
	<name>com_installer</name>
	<author>Joomla! Project</author>
	<creationDate>April 2006</creationDate>
	<copyright>(C) 2005 - 2010 Open Source Matters. All rights reserved.	</copyright>
	<license>GNU General Public License version 2 or later; see	LICENSE.txt</license>
	<authorEmail>admin@joomla.org</authorEmail>
	<authorUrl>www.joomla.org</authorUrl>
	<version>1.6.0</version>
	<description>COM_INSTALLER_XML_DESCRIPTION</description>
	<administration>
		<files folder="admin">
			<filename>config.xml</filename>
			<filename>controller.php</filename>
			<filename>index.html</filename>
			<filename>installer.php</filename>
			<folder>controllers</folder>
			<folder>helpers</folder>
			<folder>models</folder>
			<folder>views</folder>
		</files>
		<languages folder="admin">
			<language tag="en-GB">language/en-GB.com_installer.ini
			</language>
		</languages>
	</administration>
</extension>

