<?xml version="1.0" encoding="iso-8859-1"?>
<mosinstall version="1.0.0" type="mambot" group="content">
	<name>mosemailcloak</name>
	<author>Joomla! Project</author>
	<creationDate>August 2004</creationDate>
	<copyright>(C) 2005 Open Source Matters. All rights reserved.</copyright>
	<license>http://www.gnu.org/licenses/gpl-2.0.html GNU/GPL</license>
	<authorEmail>admin@joomla.org</authorEmail>
	<authorUrl>www.joomla.org</authorUrl>
	<version>1.0.0</version>
	<description>Cloaks all emails in content from spambots using javascript</description>
	<files>
		<filename mambot="mosemailcloak">mosemailcloak.php</filename>
	</files>
	<params>
		<param name="mode" type="list" default="1" label="Mode" description="Select how the emails will be displayed">
			<option value="0">Nonlinkable Text</option>
			<option value="1">As linkable mailto address</option>
		</param>
	</params>
</mosinstall>
