<?xml version="1.0" encoding="iso-8859-1"?>
<mosinstall type="menu" version="1.0.0">
	<name>Table - Content Category</name>
	<group>Content</group>
	<author>Joomla! Project</author>
	<creationDate>July 2004</creationDate>
	<copyright>(C) 2005 Open Source Matters. All rights reserved.</copyright>
	<license>http://www.gnu.org/copyleft/gpl.html GNU/GPL</license>
	<authorEmail>admin@joomla.org</authorEmail>
	<authorUrl>www.joomla.org</authorUrl>
	<version>1.0.0</version>
	<description>Shows a Table view of Content items for a particular Category</description>
	<params>
		<param name="menu_image" type="imagelist" directory="/images/stories" hide_default="1" default="" label="Menu Image" description="A small image to be placed to the left or right of your menu item, images must be in images/stories/" />
		<param name="page_title" type="radio" default="1" label="Page Title" description="Show/Hide the pages Title">
			<option value="0">Hide</option>
			<option value="1">Show</option>
		</param>
		<param name="pageclass_sfx" type="text" size="20" default="" label="Page Class Suffix" description="A suffix to be applied to the css classes of the page, this allows individual page styling" />
		<param name="back_button" type="list" default="" label="Back Button" description="Show/Hide a Back Button, that returns you to the previously view page">
			<option value="">Use Global</option>
			<option value="0">Hide</option>
			<option value="1">Show</option>
		</param>
		<param name="@spacer" type="spacer" default="" label="" description="" />
		<param name="orderby" type="list" default="" label="Order by" description="This overrides the ordering of the items.">
			<option value="">Default</option>
			<option value="date">Oldest first</option>
			<option value="rdate">Most recent first</option>
			<option value="alpha">Title Alphabetical</option>
			<option value="ralpha">Title Reverse-Alphabetical</option>
			<option value="author">Author Alphabetical</option>
			<option value="rauthor">Author Reverse-Alphabetical</option>
			<option value="hits">Most Hits</option>
			<option value="rhits">Least Hits</option>
			<option value="order">Ordering</option>
		</param>
		<param name="date_format" type="text" size="15" default="" label="Date Format" description="The format of the date displayed, using PHPs strftime Command Format - if left blank it will load the format from your language file" />
		<param name="date" type="list" default="" label="Date Column" description="Show/Hide the Date column">
			<option value="">Use Global</option>
			<option value="0">Hide</option>
			<option value="1">Show</option>
		</param>
		<param name="author" type="list" default="" label="Author Column" description="Show/Hide the Author column">
			<option value="">Use Global</option>
			<option value="0">Hide</option>
			<option value="1">Show</option>
		</param>
		<param name="hits" type="list" default="" label="Hits Column" description="Show/Hide the Hits column">
			<option value="">Use Global</option>
			<option value="0">Hide</option>
			<option value="1">Show</option>
		</param>
		<param name="headings" type="radio" default="1" label="Table Headings" description="Show/Hide the Table Headings">
			<option value="0">Hide</option>
			<option value="1">Show</option>
		</param>
		<param name="navigation" type="radio" default="1" label="Navigation Bar" description="Show/Hide the Navigation bar">
			<option value="0">Hide</option>
			<option value="1">Show</option>
		</param>
		<param name="order_select" type="radio" default="1" label="Order Select" description="Show/Hide the Order Select dropdown">
			<option value="0">Hide</option>
			<option value="1">Show</option>
		</param>
		<param name="display" type="radio" default="1" label="Display Select" description="Show/Hide the Display Select dropdown">
			<option value="0">Hide</option>
			<option value="1">Show</option>
		</param>
		<param name="display_num" type="list" default="50" label="Display Number" description="Number of items to be displayed by default">
			<option value="5">5</option>
			<option value="10">10</option>
			<option value="15">15</option>
			<option value="20">20</option>
			<option value="25">25</option>
			<option value="30">30</option>
			<option value="50">50</option>
		</param>
		<param name="filter" type="radio" default="1" label="Filter" description="Show/Hide the Filter ability">
			<option value="0">Hide</option>
			<option value="1">Show</option>
		</param>
		<param name="filter_type" type="list" default="title" label="Filter Field" description="Which field shall the filter apply to">
			<option value="title">Title</option>
			<option value="author">Author</option>
			<option value="hits">His</option>
		</param>
		<param name="@spacer" type="spacer" default="" label="" description="" />
		<param name="other_cat" type="radio" default="1" label="Other Categories" description="Show/Hide the listing of other Categories">
			<option value="0">Hide</option>
			<option value="1">Show</option>
		</param>
		<param name="empty_cat" type="radio" default="0" label="Empty Categories" description="Show/Hide empty(no items) categories">
			<option value="0">Hide</option>
			<option value="1">Show</option>
		</param>
		<param name="cat_items" type="radio" default="1" label="# Category Items" description="Show/Hide the number of items in each category">
			<option value="0">Hide</option>
			<option value="1">Show</option>
		</param>
		<param name="cat_description" type="radio" default="1" label="Category Description" description="Show/Hide the Category Description, it will appear below the Category Name">
			<option value="0">Hide</option>
			<option value="1">Show</option>
		</param>
	</params>
</mosinstall>
