<?xml version="1.0" encoding="iso-8859-1"?>
<install type="component" version="1.0.0">
	<name>Contact Items</name>
	<author>Joomla! Project</author>
	<copyright>(C) 2005 Open Source Matters. All rights reserved.</copyright>
	<license>http://www.gnu.org/copyleft/gpl.html GNU/GPL</license>
	<authorEmail>admin@joomla.org</authorEmail>
	<authorUrl>www.joomla.org</authorUrl>
	<version>1.0.0</version>
	<description>Parameters for individual Contact Items</description>
	<params>
		<param name="name" type="radio" default="1" label="Name" description="Show/Hide the name info">
			<option value="0">Hide</option>
			<option value="1">Show</option>
		</param>
		<param name="position" type="radio" default="1" label="Position" description="Show/Hide the position info">
			<option value="0">Hide</option>
			<option value="1">Show</option>
		</param>
		<param name="email" type="radio" default="0" label="Email" description="PARAMEMAIL">
			<option value="0">Hide</option>
			<option value="1">Show</option>
		</param>
		<param name="street_address" type="radio" default="1" label="Street Address" description="Show/Hide the street address info">
			<option value="0">Hide</option>
			<option value="1">Show</option>
		</param>
		<param name="suburb" type="radio" default="1" label="Town/Suburb" description="Show/Hide the suburb info">
			<option value="0">Hide</option>
			<option value="1">Show</option>
		</param>
		<param name="state" type="radio" default="1" label="State" description="Show/Hide the state info">
			<option value="0">Hide</option>
			<option value="1">Show</option>
		</param>
		<param name="country" type="radio" default="1" label="Country" description="Show/Hide the country info">
			<option value="0">Hide</option>
			<option value="1">Show</option>
		</param>
		<param name="postcode" type="radio" default="1" label="Post/Zip Code" description="Show/Hide the post code info">
			<option value="0">Hide</option>
			<option value="1">Show</option>
		</param>
		<param name="telephone" type="radio" default="1" label="Telephone" description="Show/Hide the telephone info">
			<option value="0">Hide</option>
			<option value="1">Show</option>
		</param>
		<param name="mobile" type="radio" default="1" label="Mobile Column" description="Show/Hide the Mobile column">
			<option value="0">Hide</option>
			<option value="1">Show</option>
		</param>
		<param name="fax" type="radio" default="1" label="Fax" description="Show/Hide the fax info">
			<option value="0">Hide</option>
			<option value="1">Show</option>
		</param>
		<param name="webpage" type="radio" default="1" label="Webpage" description="Show/Hide the webpage">
			<option value="0">Hide</option>
			<option value="1">Show</option>
		</param>
		<param name="misc" type="radio" default="1" label="Misc Info" description="Show/Hide the miscellaneous info">
			<option value="0">Hide</option>
			<option value="1">Show</option>
		</param>
		<param name="image" type="radio" default="1" label="Image" description="Show/Hide the image">
			<option value="0">Hide</option>
			<option value="1">Show</option>
		</param>
		<param name="vcard" type="radio" default="0" label="VCard" description="Show/Hide VCard">
			<option value="0">Hide</option>
			<option value="1">Show</option>
		</param>
	</params>
</install>
