<?xml version="1.0" encoding="utf-8"?>
<install type="module" version="1.0.0">
	<name>Search</name>
	<author>Joomla! Project</author>
	<creationDate>July 2004</creationDate>
	<copyright>Copyright (C) 2005 - 2008 Open Source Matters. All rights reserved.</copyright>
	<license>http://www.gnu.org/licenses/gpl-2.0.html GNU/GPL</license>
	<authorEmail>admin@joomla.org</authorEmail>
	<authorUrl>www.joomla.org</authorUrl>
	<version>1.0.0</version>
	<description>This module will display a search box</description>
	<files>
		<filename module="mod_search">mod_search.php</filename>
	</files>
	<params>
		<param name="moduleclass_sfx" type="text" default="" label="Module Class Suffix" description="PARAMMODULECLASSSUFFIX" />
		<param name="@spacer" type="spacer" default="" label="" description="" />
		<param name="width" type="text" default="20" label="Box Width" description="Size of the search text box in characters" />
		<param name="text" type="text" default="" label="Text" description="PARAMTEXT" />
		<param name="@spacer" type="spacer" default="" label="" description="" />
		<param name="button" type="radio" default="" label="Search Button" description="Display a Search Button">
			<option value="">No</option>
			<option value="1">Yes</option>
		</param>
		<param name="button_pos" type="list" default="right" label="Button Position" description="Position of the button relative to the search box">
			<option value="right">Right</option>
			<option value="left">Left</option>
			<option value="top">Top</option>
			<option value="bottom">Bottom</option>
		</param>
		<param name="imagebutton" type="radio" default="" label="Search button as image" description="Use an image as button">
			<option value="">No</option>
			<option value="1">Yes</option>
		</param>
		<param name="button_text" type="text" default="" label="Button Text" description="PARAMBUTTONTEXT" />
		<param name="@spacer" type="spacer" default="" label="" description="" />
		<param name="set_itemid" type="text" default="" label="Set Itemid" description="PARAMSETITEMID" />
	</params>
	<params group="advanced">
		<param name="cache" type="list" default="1" label="Caching" description="Select whether to cache the content of this module">
			<option value="1">Use global</option>
			<option value="0">No caching</option>
		</param>
		<param name="cache_time" type="text" default="900" label="Cache Time" description="The time before the module is recached" />
	</params>
</install>
