<?xml version="1.0" encoding="iso-8859-1"?>
<mosinstall type="module" version="1.0.0">
	<name>Most Read Content</name>
	<author>Joomla! Project</author>
	<creationDate>July 2004</creationDate>
	<copyright>(C) 2005 Open Source Matters. All rights reserved.</copyright>
	<license>http://www.gnu.org/licenses/gpl-2.0.html GNU/GPL</license>
	<authorEmail>admin@joomla.org</authorEmail>
	<authorUrl>www.joomla.org</authorUrl>
	<version>1.0.0</version>
	<description>This module shows a list of the currently published Items that have been viewed the most - determined by the number of times the page has been viewed.</description>
	<files>
		<filename module="mod_mostread">mod_mostread.php</filename>
	</files>
	<params>
		<param name="moduleclass_sfx" type="text" default="" label="Module Class Suffix" description="A suffix to be applied to the css class of the module (table.moduletable), this allows individual module styling" />
		<param name="@spacer" type="spacer" default="" label="" description="" />
		<param name="cache" type="radio" default="0" label="Enable Cache" description="Select whether to cache the content of this module">
			<option value="0">No</option>
			<option value="1">Yes</option>
		</param>
		<param name="@spacer" type="spacer" default="" label="" description="" />
		<param name="type" type="list" default="0" label="Module Mode" description="Allows you to control which type of Content to display in the module">
			<option value="1">Content Items only</option>
			<option value="2">Static Content only</option>
			<option value="3">Both</option>
		</param>
		<param name="@spacer" type="spacer" default="" label="" description="" />
		<param name="show_front" type="radio" default="1" label="Frontpage Items" description="Show/Hide items designated for the Frontpage - only works when in Content Items only mode">
			<option value="1">show</option>
			<option value="0">hide</option>
		</param>
		<param name="count" type="text" default="5" label="Count" description="The number of items to display (default is 5)" />
		<param name="catid" type="text" default="" label="Category ID" description="Selects items from a specific Category or set of Categories (to specify more than one Category, seperate with a comma , )." />
		<param name="secid" type="text" default="" label="Section ID" description="Selects items from a specific Secion or set of Sections (to specify more than one Section, seperate with a comma , )." />
	</params>
</mosinstall>
